网页数量,品牌,型号
1,3M,E99 
1,3M,FAP00 
2,3M,FAP04 
1,3M,KJEA200 
4,3M,KJEA400 
1,3M,KJEA400型 
1,3M,KJWEA200 
2,3M,MFAC00-CN 
4,3M,MFAC01-CN 
1,3M,MFAF400-2 
1,3M,RDH-Z80U 
1,AAF,PurAir500FW 
1,AAF,PurAir600FG 
1,Airfree,P125 
1,Airfree,P150 
1,Airfree,P80 
1,Airvitamin,EUG-A1000 
1,Alen,A375 
1,Alen,Paralda 
2,Alen,T500 
1,Anyclean,ZA-11AC 
1,Anyclean,ZA-12AC 
1,Bain,BN-KJ8226 
1,Bain,BN-KJ8848 
1,Comedes,LR200 
2,Coway,AP-0509DH 
2,Coway,AP-1005AH 
4,Coway,AP-1009CH 
1,Coway,AP-1012GH 
2,Coway,AP-1013A 
1,Coway,AP-1511FHE 
1,Coway,AP-2510EH 
1,Coway,AP-3008FH 
3,Coway,APM-0812DH 
1,Coway,APM-1510FH 
1,EC逸臣,EC-JHQ-01 
1,FED瑞马,VM-JH02 
1,HEIGOO,家用车载 AP-CZ-03
1,HEIGOO,F-GNM-B38 
1,HOYI,HY1668 
1,HanJiaOurs,XW-361 
1,HanJiaOurs,XW-688 
2,HealthPro,GC MultiGas
2,HealthPro,HealthPro 250
2,HealthPro,HealthPro100 
1,HealthWay,20600-3R 
1,IGUASSU,CHA-300WA 
1,IGUASSU,CHA-500UA 
1,IGUASSU,CHA-500VH 
1,IQAir,HealthPro 100
1,IQAir,HealthPro 150
1,IQAir,HealthPro 250/PLUS
1,IQAir,HealthPro GC
1,IQAir,HealthPro250 
1,IQI,AC50 
1,IQI,AC60 
1,InovaAir,E10 
1,InovaAir,E20 plus
1,InovaAir,E30 
1,InovaAir,E60 
1,InovaAir,E7 
1,InovaAir,E8 
1,LETTOOS,A-PD57D-W 
1,LETTOOS,A-PD62D-K 
1,LETTOOS,A-PD65D-W 
1,LETTOOS,A-SD48D-W 
1,LETTOOS,A-SN56W-G 
1,LG,HPS-A090BW 
1,LG,HPS-B090BG 
1,LG,HPS-B090BP 
1,LG,HPS-B090BW 
1,LG,PH-U450WN 
1,LG,PS-P809WF 
1,LG,PS-R451WN 
1,LG,PS-S209WC 
1,LG,PS-T450WN 
2,Magiclight,ball 幻彩M1
2,QQVIP,QAC-F301 
2,QQVIP,QAC-P301 
2,SKG,4202 
1,SKG,4203 
2,SKG,4204 
1,SKG,4207 
1,SKG,4208 
1,SKG,4210 
2,SKG,4212 
1,SKG,4219 
1,SKG,4222 
1,SKG,4229 
1,SKG,4240 
1,SKG,4248 
2,SKG,4260 
1,SKG,SKG4202 
1,SKG,SKG4203 
1,SKG,SKG4207 
2,SKG,SKG4208 
2,SKG,SKG4209 
2,SKG,SKG4210 
1,SKG,SKG4212 
1,SKG,SKG4213 
1,SKG,SKG4878 
2,TCL,TCL-360 
1,TCL,TKJ-F210B 
1,TCL,TKJ-F220B 
2,TCL,TKJ-F230B 
2,TCL,TKJ-F280B 
2,TCL,TKJ-F300B 
1,TCL,TKJ-F330A 
1,TCL,TKX-F500 
1,TMONA,MN-158 
1,TOYOTOMI（丰臣）,ETK-S50FC 
1,UENON,UA-F101 
1,YALAN,KJXF 150*14-675*1
1,YALAN,KJXF-G 150*14-675*1
1,YALAN,KJXF-Y 
1,YALAN,KJXZ 350*11-525*1
1,YALAN,KJXZ-Y350*11-525*1 
1,cado,AP-C100 
1,cado,AP-C100-BK 
1,cado,AP-C100-GD 
1,cado,AP-C100-SL 
1,cado,AP-C300-GD 
1,cado,AP-C300E-BL 
1,cado,AP-C500 
1,cado,AP-C500-BK 
1,cado,AP-C500-WH 
1,cado,Cado AP-C100
1,cado,Cado C700
1,iAir,LY868C 
1,sheeraire席爱尔,AC-2041 
1,sheeraire席爱尔,AC-2103 
1,sheeraire席爱尔,AC-2104 
1,sheeraire席爱尔,AC-2105 
1,sheeraire席爱尔,AC-2106 
1,万利达,KJ-263D 
1,万利达,KJ-481D 
1,万利达,KJ-953 
1,万利达,kJ-286D 
1,万利达,kj-260 
1,万利达,kj-286D 
1,万家乐,KJFF1-300 
1,万家乐,KJFP1-300 
2,万家乐,KJFQ1-136 
1,万家乐,KJFT3-306 
1,万家乐,KJFT7-270 
1,万家乐,KJFV3-306 
1,万家乐,KJFV7-136 
1,三戟,SJ-803 
1,三戟,SJ-804 
3,三戟,三戟SJ-802 
2,三戟,三戟SJ-804 
2,三戟,三戟SJ-805 
1,三星,041 
3,三星,AC-347HPAWQ/SC 
5,三星,AC-383CSAUA/SC 
2,三星,AC-405CPAWQ/SC 
2,三星,AC-505CMAGA/SC 
1,三星,AG-053VKCBB 
1,三星,AG-053VKCBB/SC 
1,三星,AX-34EPXAUW/SC 
2,三星,AX022FCVAND/SC 
1,三星,AX022FCVAUW/SC 
2,三星,AX034EPXAUW/SC 
1,三星,AX041FCVAUW 
2,三星,AX041FCVAUW/SC 
2,三星,SA501TBCH 
2,三星,SA501TPCH 
1,三星,SA600CB 
1,三星,SA600CBSSEC 
1,三星,SA600CP 
1,三星,SA600CPSSEC 
1,三星,SA600CWSSEC 
1,三星,Virus Doctor除菌器501
1,三星,Virus Doctor除菌器600
1,三洋-帝度,DK-L2511 
1,三洋-帝度,DK-L2512 
1,三菱重工,SPA-421AC 
2,三菱重工,SPA-582AC 
2,三菱重工,SPD-361AC 
2,三菱重工,SPD-511AC 
2,三菱重工,SPS-361AC 
2,三菱重工,SPS-511AC 
1,三角,SP-804B 
1,三角(TRIANGLE),SP-804B 
1,东芝,CAF-G50C 
1,东芝,CAF-KR40XC 
1,东芝,CAF-KR50XC 
1,东芝,CAF-P35CN 
1,东菱(DonLim),DL-P06 
1,东菱(DonLim),DL-P08 
1,丝吉利娅,AEROPAC 
1,丝吉利娅,AEROPAC-L5460450-004010 
1,丝吉利娅,AEROVITAL 
1,乐宜嘉,NA-9 
1,乐扣乐扣,AP-1012GH 
1,乐扣乐扣,ELA-230T 
3,云雅,AWEE-25PTOH 
1,云雅,AWEE-25PTSH 
2,云雅,AWME-5PBS 
3,云雅,AWME-5PWS 
1,云雅,AWXE-7PBD 
1,云雅,AWXE-7PWD 
1,亚都,KJ300AS-TGS 
1,亚都,KJF-2902 
1,亚都,KJF1282 
1,亚都,KJF1353E 
1,亚都,KJF2101A 
1,亚都,KJF2103T 
1,亚都,KJF2105T 
1,亚都,KJF2106T 
1,亚都,KJF2202T 
2,亚都,KJF2202TE 
2,亚都,KJF2203E 
1,亚都,KJF2301A 
1,亚都,KJF2701T 
1,亚都,KJF2801S 
2,亚都,KJF2901 
3,亚都,KJF2903E 
2,亚都,KJF3016 
2,亚都,KJG100G 
1,亚都,KJG100P 
2,亚都,KJG1201S 
2,亚都,KJG200W 
2,亚都,KJG2018DG 
2,亚都,KJG2104 
4,亚都,KJG230S 
2,亚都,KJG240C 
1,亚都,KJG2701 
1,亚都,KJG2702 
1,亚都,KJG3002A 
1,亚都,KJG3066DR 
1,亚都,KJG881 
2,亚都,KJG882 
1,亚都,SC-LS01B 
1,亚都,亚都KJF1353E 
1,亚都,太阳能车载BG200 
4,伊莱克斯,CN500AZ 
2,伊莱克斯,EAC003 
1,伊莱克斯,EAC103 
4,伊莱克斯,EAC203 
4,伊莱克斯,EAC303 
5,伊莱克斯,EAC403 
3,伊莱克斯,EHF7000 
1,伊莱克斯,Z9000-S 
1,伊莱克斯,Z9001 
3,伊莱克斯,Z9123 
3,伊莱克斯,Z9124 
2,伟士德,WKX3002 
1,伟士德,WKX3003 
1,佰利世,DCA/DCB 
2,佰利世,DCA300 
2,佰利世,DCB300 
1,佳铭创,JMC-9079 
1,佳铭创,JMC-JY70 
1,佳铭创,JMC-JY9079 
2,佳铭创,JMC-JY9088 
1,健雅莱,5182 
1,兰山,TX-1322 
1,兰山,tx-1328 
1,兰山,tx1328 
1,净美仕,AT50 
1,净美仕,H9 
2,净美仕,YL-6334E 
1,净美仕,YL-7099H 
1,净馨宝,T812 
1,凝康肽[NKT],NKT-IA 
1,凯仕乐,KSR-AP21 
1,凯仕乐,KSR-AP26 
1,凯仕达,K-JK5300D 
1,凯仕达,K-JK8200-S 
1,凯易欧,Keyeon K1V85
1,凯易欧,Keyeon K520
1,创普,TRUMPXP 120
1,创普,TRUMPXP 132
1,创普,TRUMPXP 133
1,创普,TRUMPXP 135
1,创普,TRUMPXP 150
1,创普,TRUMPXP 86
1,创普,TRUMPXP 86s
2,创普,TRUMPXP-120 
1,创普,TRUMPXP-132 
2,创普,TRUMPXP-135 
2,创普,TRUMPXP-150 
1,创普,TRUMPXP-66 
1,创普,TRUMPXP-L 
1,力天,Air-KJF1901 
1,力天,LT-6000 
2,力天,LT-7000 
1,力天,LT-8000 
1,力天,LT-8600 
1,力天,LT-KJF1801B 
1,北欧欧慕,NJH060 
1,华福特,KJF-400 
1,博瑞客,P320 
1,厨莱克斯,CL-AP2 
1,友田,JH01 
1,双飞燕滤巨人,永洗王 AP-1000
2,双鸟,AC-3851 
2,双鸟,AC-3854Z 
1,双鸟,AC-4234 
3,双鸟,AC-4234W 
3,双鸟,AC-4235W 
3,双鸟,AC-4238W 
3,双鸟,AC-4316 
4,双鸟,AC-D358PW 
1,可汉,KH-H202 
1,可汉,KH-S801 
1,可汉,KH-S802 
1,同舟行,KQJ-501 
1,同舟行,KQJ-801 
1,同舟行,TZX-P801 
1,品森,PSAF 
1,哥尔,GO-2882 
1,哥尔,GO-2883 
1,唯净,905 
1,喜吉雅,JQ-2000 
1,喜吉雅,JQ-208 
1,圣手,SS-0810 
1,圣手,SS-0811 
1,夏普,FU-A420S-B 
1,夏普,FU-BD20-W 
1,夏普,FU-BD30-W 
2,夏普,FU-CD30-W 
1,夏普,FU-GB10-W 
1,夏普,FU-W240SR 
1,夏普,FU-W240SW/SR 
2,夏普,FU-WD20-S 
2,夏普,FU-WD30-S 
3,夏普,FU-Y180SW 
1,夏普,FZ-BB60XV 
1,夏普,FZ-C70VFS 
1,夏普,FZ-Y180MFS 
1,夏普,IG-A10SW/R/B 
1,夏普,IG-BC2S-B 
1,夏普,IG-BL20S-W 
1,夏普,IG-DC2Z-B 
1,夏普,IG-DC2Z-B/N/R 
1,夏普,IG-DC2Z-R 
1,夏普,IG-DM1Z-B 
2,夏普,KC-BB20-W 
2,夏普,KC-BB30-W 
2,夏普,KC-BB60-W 
1,夏普,KC-BD20-S 
1,夏普,KC-BD30-S 
1,夏普,KC-BD60-S 
3,夏普,KC-CD20-W 
2,夏普,KC-CD30-W 
1,夏普,KC-CD60-W/N 
2,夏普,KC-GD10-W 
4,夏普,KC-W200SW 
1,夏普,KC-W280SW 
1,夏普,KC-W30-W 
1,夏普,KC-W380SC 
5,夏普,KC-W380SW-W 
3,夏普,KC-WB2-W 
3,夏普,KC-WB3-W 
3,夏普,KC-WB6-W 
1,夏普,KC-WE20-W 
2,夏普,KC-WE21-W 
1,夏普,KC-WE31-N 
2,夏普,KC-WE31-W 
1,夏普,KC-WE61-N 
2,夏普,KC-WE61-W 
3,夏普,KC-Y180SW 
1,夏普,KC-Z200SW 
3,夏普,KC-Z280SW 
2,夏普,KC-Z380SW 
6,夏普,KI-BB60-W 
1,夏普,夏普KI-BB60-W 
1,大松,KJFA330A 
1,大松,KJG155A 
1,大金,MC120MMV2 
2,大金,MC70KMV2 
1,大金,MC70KMV2 -
2,大金,MC70KMV2-A 
4,大金,MC70KMV2-N 
1,大金,MC70KMV2-R 
1,大金,MC71NV2C 
4,大金,MC71NV2C-N 
3,大金,MC71NV2C-R 
2,大金,MC71NV2C-S 
3,大金,MC71NV2C-W 
2,大金,MCK57LMV2 
2,大金,MCK57LMV2-A 
1,大金,MCK57LMV2-N 
3,大金,MCK57LMV2-R 
2,大金,MCK57LMV2-W 
1,天外来客,CH600 
1,天智,TZ-C602S 
1,天智,TZ-H101 
1,天智,TZ-H301 
1,天骏,TJ-928A 
1,天骏,TJ-928B 
1,天骏小天使,TJ-968A 
1,天骏小天使,TJ-968B 
1,天骏小天使,TJ-968C 
1,奔腾,PW8001 
1,奔腾,PW8009 
1,奥丽思,KJH280 
2,奥司汀,HM230 
2,奥司汀,HM280 
1,奥司汀,HM430 
1,奥司汀,HM480 
1,奥司汀,HM482 
1,奥朗格,AG900 
2,奥郎格,AG800 
2,奥郎格,AG850 
2,奥郎格,AG900 
1,奥郎格,AG950 
1,奥郎格,Airgle 奥郎格AG800
1,奥郎格,美国Airgle奥郎格AG950 
1,好自然,K02 
1,威王,VK-801B 
1,威王,VK-802B 
1,威王,VK-803B 
1,威王,VK-806B 
1,宜岚,云净之星 
1,小熊,JHQ-105WA 
1,小熊,JHQ-143WA 
1,小熊,JHQ-202WA 
1,小田,3302CH 
1,小田,3303CH 
1,小田,3306CH 
1,小田,3307CH 
1,小田,3308CH 
1,小田,3310JD 
1,小田,3317CH 
1,小田,XT3309 
1,小而美,30W 
1,小而美(S'beauty),00720W 
1,小而美(S'beauty),40W 
1,小艾,ps-02 
2,尚朋堂,YS-335ACS 
1,尚朋堂,YS-342ACS 
2,尚朋堂,YS-357ACC 
2,尚朋堂,YS-360ACC 
1,尚朋堂,YS-366ACC 
1,尼尔逊,KJDH280 
2,尼尔逊,KJDH280-G 
1,尼尔逊,KJDH280-W 
2,布鲁雅尔,203 
2,布鲁雅尔,270E 
4,布鲁雅尔,303 
2,布鲁雅尔,403 
3,布鲁雅尔,410B 
2,布鲁雅尔,450E 
2,布鲁雅尔,503 
3,布鲁雅尔,510B 
2,布鲁雅尔,550E 
2,布鲁雅尔,603 
3,布鲁雅尔,Sense 
3,帝度,DK-L2510 
3,帝度,DK-L2511 
2,帝度,DK-L2512 
1,席爱尔,AC-2041 
1,席爱尔,AC-2104 
1,席爱尔,AC-2105 
1,幻响,K2 
1,康佳,AVQF60GDZ 
1,康佳,KQ-JH01E 
2,康夫,KF-AC1801 
2,建括,JKK-A1-1 
1,建括,JKK-A1-3 
3,德尔玛,DEM-J580 
1,德龙,AC 230
3,德龙,AC100 
1,德龙,AC100/AC150 
2,德龙,AC150 
3,德龙,AC230 
3,德龙,AC75 
1,思博润,AC4141+4143+4144 
1,思博润,AC4147升级版 
1,思博润,F-ZXFP35C 
1,思博润,F-ZXFP35C+F-ZXFD35C 
1,怡口(ECOWATER),尊享5000 
1,怡口(ECOWATER),怡口悦享2000 
1,怡口(ECOWATER),怡口随享 2500
1,怡口(ECOWATER),怡口随享3000 
1,惠爱家,KJF-A1-380A 
1,惠爱家,KJF-A1-380B 
2,惠而浦,WA-2001FK 
2,惠而浦,WA-2002FK 
1,惠而浦,WA-4001FK 
1,慑力,A9 
1,慑力,C3 
3,扬子,YZ-AP-001 
1,扬子,YZ-AP-012 
2,技真百通,TTBT500A 
4,技真百通TTBT,TTBT500A 
1,摩瑞尔,M-B70 
1,摩瑞尔,M-C10C 
2,摩瑞尔,M-G40 
1,摩瑞尔,M-G41 
2,摩瑞尔,M-J20 
1,摩瑞尔,M-J20A 
1,摩瑞尔,M-K00A5 
1,摩瑞尔,M-K00B1 
1,摩瑞尔,M-K00C 
1,摩瑞尔,M-K00D 
1,摩瑞尔,M-K00D1 
1,摩瑞尔,M-K00H1 
1,摩瑞尔,M-KOOC 
1,摩瑞尔,MORAL-SPA-1 
1,摩瑞尔,Moral-K00B1 
1,摩瑞尔,Moral-K00D1 
1,摩瑞尔,Moral-K00H1 
1,文塔,25 
2,文塔,LW-25 
1,文塔,Venta LW45
1,新技,XJ-1000 
1,新飞,XF-YC005A 
1,昂臣,EC-7800 
1,普林勒仕,LMJ-01 
1,普林勒仕,LMQ-02 
1,普瑞德,PRD-JY-008 
3,普瑞德,PRD-JY-022 
1,普瑞德,PRD-JY-052 
3,普瑞德,PRD-JY-088 
4,普瑞德,PRD-JY-099 
4,普诺星,PNS-501 
1,智欣,智欣ZZ-601 
1,本原,AP-1403 
1,本原,AP-1404 
1,本原,AP-1405 
1,松下,F-05C3VX 
2,松下,F-05C3VX-P 
1,松下,F-30C3PD 
1,松下,F-30C3PD-D 
1,松下,F-PDF35C 
2,松下,F-PDF35C-G 
2,松下,F-PDF35C-P 
1,松下,F-PDJ30C-Y 
4,松下,F-PDJ35C-A 
4,松下,F-PDJ35C-V 
1,松下,F-PXC35C-S 
1,松下,F-PXF35C 
1,松下,F-PXH55C 
1,松下,F-PXH55C-V 
2,松下,F-PXJ30C-A 
3,松下,F-PXJ35C-A 
3,松下,F-PXJ35C-P 
4,松下,F-VDG35C-W 
2,松下,F-VKJ05C-A 
2,松下,F-VKJ05C-P 
4,松下,F-VXG35C-S 
2,松下,F-VXG70C 
1,松下,F-VXG70C-N 
2,松下,F-VXG70C-R 
1,松下,F-VXG70C-R/N 
2,松下,F-VXH50C-S 
1,松下,F-VXJ05C 
1,松下,F-VXJ05C-A/W 
1,松下,F-VXJ90C 
2,松下,F-VXJ90C-K 
4,松下,F-VXJ90C-S 
2,格力,KJFA330A 
2,格力,KJFB200B 
1,格力,KJG155A 
1,格力,KJG300A 
1,格力,KJLG200-1 
1,格子,GZ-K08 
1,格子,GZ-K09 
1,格诺斯,GNS1001B 
2,森乐,SA1000 
3,森乐,SA1100 
3,森乐,SA2500E 
2,森乐,SA3000E 
1,森米,JHQ-601 
2,森米,JHQ-801 
2,森米,JHQ-901 
1,橄榄绿,G1 
1,橄榄绿,G1A200 
1,橄榄绿,G2 
1,橄榄绿,G2A200 
1,橄榄绿,G3 
1,橄榄绿,G3A200 
1,欧乐,5000 Exec
1,欧乐,5000 Vocarb
1,欧乐,6000 Vocarb
1,欧乐,8000 Vocarb
1,欧乐,AirTube Supreme
1,欧乐,AirTube Vocarb
1,欧博,N208 
1,欧博,N812 
1,欧博,PRS-501 
1,欧博,PRS503 
1,欧麦斯,JH-801 
1,氧生活,OA-10 
1,水之音,K01 
2,水之音,K02 
1,水之音,KY01 
6,汇清,HQ-GJ01 
1,汇清,HQ-GJ01-JW 
1,汇清,HQ-GJ01-JX 
2,汇清,HQ-GJ01-S1 
3,汇清,HQ-GJ02 
1,汇清,HQ-GJ02-JW 
1,汇清,HQ-GJ02-JX 
2,汇清,HQ-GJ02-S2 
1,江航,Q40 
1,洛克施为,mint-IM-R55PB 
1,洛克施为,mint-IM-R55PG 
1,洛克施为,mint-IM-R55PO 
1,洛克施为,mint-IM-R55PS 
1,派瑞,KJH-181 
1,派瑞,KJS-321 
1,浦尔盛世,PHU-400D 
1,浦尔盛世,PTA-302 
1,浦尔盛世,PTA-365 
2,海信,KJFA400F 
1,海信,KJFA420N 
2,海信,KJFC200 
1,海尔,HR-AC08D 
1,海尔,HR-AC09E 
1,海尔,HR-AC11G 
3,海尔,KJ-F200/CA 
1,海尔,KZW-A01U1 
1,海立得,DPI-929 
1,海立得,EPI-103 
1,海立得,EPI-201 
1,海立得,EPI-211-2B 
1,海立得,EPI-220 
1,海立得,EPI-231-2 
1,海立得,EPI-811 
1,海立得,EPI-929 
1,海立得,EPI808 
1,海立得,EPI809 
1,清润彩虹,KJF-15JSA1 
1,清润彩虹,KJF-380 
1,清润彩虹,KJF-406H PM
1,清越,D202-C 
1,清越,D301 
1,澳玛克思,AC-302 
1,澳玛克思,AC-306 
1,澳玛克思,AC-803 
1,澳玛克思,AC-808 
2,灿坤,TSK-5589 
2,灿坤,TSK-5590 
1,熊津豪威,AP-1012GH 
1,熊津豪威,AP-1511FH 
1,熊津豪威,APM-0812DH 
1,爱普爱家,KJ-001F 
1,爱普爱家,KJ-102F 
1,爱蓝,Paralda 
1,爱蓝,T500 
1,现代惠浦,809AF 
1,现代惠浦,AA13-813AF 
1,现代惠浦,AB09-809B 
1,现代惠浦,AB12-812B 
1,现代惠浦,AB13-813B 
1,瑞士风,AOS 1355N
1,瑞士风,AOS 2055D
1,瑞士风,AOS2061 
1,瑞士风,AOS2071 
1,瑞士风,AOS2255 
1,瑞士风,AOSP320 
1,瑞士风,AOSP325 
1,瑞士风,AOSP350 
3,瑞士风,AOSP355 
2,瑞士风,AOSP380 
1,瑞士风,P355 
1,瑞艾,RA-603 
1,瑞艾,RA-608-J 
1,瑞艾,RA-801 
1,瑞艾,RA-802 
1,瑞艾,RA-803 
1,瑩高(KoolCoh),AP368 
1,生泰宝,SF55-01 
1,生泰宝,SF55-02 
1,生泰宝,SF55-03 
1,生泰宝,SF65-02 
1,生泰宝,SF65-02钧瓷 
1,生泰宝,SF65-03白 
1,生泰宝,SF6502 
1,百亿康,BYK-1090 
1,百亿康,BYK-CA808 
1,百亿康,BYK-JY68 
1,百优客,JY-9088 
1,百奥,PC001 
2,百奥耐尔,BAP600B-073 
1,百奥耐尔,BAP600W-073 
2,百奥耐尔,BAP9700B-073 
1,百奥耐尔,BAP9700WR-073 
1,盛大,SAC-360C 
1,福施威,HP-1311-A 
1,福施威,HP-1311-B 
1,科沃斯,A330 
1,科沃斯,PAP310 
1,科赢,LK-1000 
1,立兔,A-PD57D-W 
1,纽贝尔,NBE-1001 
1,纽贝尔,NBE-1001-1 
1,纽贝尔,NBE-1201 
1,纽贝尔,NBE-1203 
1,纽贝尔,NBE-1203-1 
1,纽贝尔,NBE-1988 
1,纽贝尔,NBE-1988-1 
1,纽贝尔,NBE-1988-2 
1,纽贝尔,NBE-400 
1,绿歌,lg0006 
1,绿歌,lg002 
1,绿歌,lg003 
1,绿歌,lg004 
1,绿歌,lg005 
1,绿歌,lg007 
1,绿歌,lg008 
1,绿歌,lg009 
1,绿歌,lg010 
1,绿歌,lg011 
1,绿歌,lg012 
1,绿歌,lg013 
1,绿歌,lg014 
1,绿歌,lg015 
1,绿歌,lg016 
1,绿歌,lg017 
1,绿歌,lg018 
1,美承,MKJ-A31 
1,美时美克,2-A2201-W 
1,美的,KJ15F-NU 
1,美的,KJ20FE-NH1 
2,美的,KJ20FE-NH2 
2,美的,KJ20FE-NH3 
1,美的,KJ20FE-NY2 
1,美的,KJ30F-NA1 装修博士
1,美的,KJ30FE-NA1 装修博士
3,美的,KJ30FE-NV 
1,美的,KJ35FR-NA 装修博士
1,美的,美的 KJ20FE-NH3
1,美菱,ML-KJ302 
3,美菱,ML-KJ512 
1,联创,DF-AT0131F 
2,胡佛,WH10600C 
1,能发(Nenfa),KJF200-A 
1,臻净,A2 
1,臻净,A4 
1,臻净,A6 
1,艾洁佛,DH-500 
1,艾洁佛,DH-600 
2,艾洁弗,DH-600 
1,艾洁弗,DH-600 尊贵型
1,艾洁弗,DT-500-GA 
1,艾洁弗,DT-500-GA 乐享型
1,艾洁弗,DT500-GA 
1,艾瑞生,ZA-10AC 
1,艾瑞生,ZA-12AC 
1,艾美特,AC16 
1,艾美特,AC17 
2,艾美特,AC19 
1,艾美特,AC20 
2,艾美特,AC23 
2,艾美特,AC24 
1,艾美特,AC27 
1,艾美特,AC28RS 
1,艾美特,AC36 
1,艾美特,AC46 
1,苏林,SLH-50A 
1,苗翠花,801 
1,苗翠花,805 
1,荣事达,JC20R 
1,荣事达,JC26R 
1,荣事达,JC27R 
1,荣事达,RS-JC53R 
1,莱克,KJ301 
1,莱克,KJ302 
1,莱克,KJ501 
1,莱克,KJ502 
1,莱克,KJ701-1 
2,莱克,KJ701-3 
1,莱特艾尔,A300 
2,莱特艾尔,A400 
1,莱特艾尔,F400 
1,莱特艾尔,F500 
2,莱特艾尔,M400 
4,莱特艾尔,M500 
2,莱特艾尔,S500 
1,莱特艾尔,S510 
1,莱特艾尔,S510黄金版 
1,莱特艾尔,S600 
1,莱特艾尔,S600旗舰版 
1,莱特艾尔,S610 
1,莱特艾尔,S610黄金版 
1,莱特艾尔,Signature 
1,莱特艾尔,Style 优雅型
1,莱特艾尔,Surface A400
1,萨特尔兰,JKM13001 
1,萨特尔兰,JKS13001 
3,西屋,AP-612 
1,西屋,AP-626 
2,西屋,AP-735 
1,西屋,AP-739 
1,西屋,AP-845 
2,西屋,AP-845B 
3,西屋,AP-845X 
1,西屋,AP-9880G 
1,西屋,ZP-9880G 
1,西屋,ZP-9880W 
1,诺托弗朗克,HY1688 
1,贝尔思特,E-A01 
1,贝尔思特,E-R80 
1,贝尔思特,T-501 
1,贝尔思特,T-510B 
2,贝尔莱德,AP-208 
1,贝尔莱德,AP-300 
1,贝尔莱德,AP-300/H 
1,贝尔莱德,AP-302 
2,贝尔莱德,AP-302/H 
8,贝昂,KJF280B 
1,贝昂,KJF280C 
1,赫姆斯,HAP9424W 
3,远大,TA100 
3,远大,TA1000 
1,远大,TA2000 
3,远大,TA240 
2,远大,TA400 
3,远大,TB100 
3,远大,TB240 
3,远大,TB400 
1,远大,TB800 
1,远大,TD50 
1,连邦,LB-2008A 
1,迪美,DM-550 
1,迪美,DM-988A 
1,邦科尔,AB8610 
1,铿特,30180 
2,铿特,30525 
2,铿特,30770 
1,铿特,30790 
1,长城,8028 
1,长虹,KJ-202H 
1,长虹,KJ-301H 
1,长虹,KJ-402HS 
1,霍姆利德（Homeleader）,KJF-400A 
2,霍尼韦尔,18000 
1,霍尼韦尔,18250 
2,霍尼韦尔,18250 
1,霍尼韦尔,18250-CHN 
2,霍尼韦尔,18400 
2,霍尼韦尔,18450 
2,霍尼韦尔,18450-CHN 
1,霍尼韦尔,904 
1,霍尼韦尔,HAP-801APCN 
2,霍尼韦尔,HHT-011APCN 
1,霍尼韦尔,HPA-102 
1,霍尼韦尔,HPA-102APCN 
1,霾立净,MLJ-619A 
1,霾立净,MLJ-658K 
1,霾立净,MLJ-668 
1,霾立净,MLJ-935 
1,韩国大宇（DAEWOO）,DOA-LT34CW 
1,韩国现代WACO,HYAP-201 
1,韩帅,F6 
1,韩帅,F7 
1,飞利浦,50987GPXM 
1,飞利浦,AC4001 
3,飞利浦,AC4001/00 
1,飞利浦,AC4002 
1,飞利浦,AC4004 
2,飞利浦,AC4005/00 
3,飞利浦,AC4006/00 
2,飞利浦,AC4012 
3,飞利浦,AC4012/00 
3,飞利浦,AC4014 
1,飞利浦,AC4014/00 
1,飞利浦,AC4014SET 
2,飞利浦,AC4016 
2,飞利浦,AC4016/00 
1,飞利浦,AC4025 
2,飞利浦,AC4025/00 
1,飞利浦,AC4025SET 
2,飞利浦,AC4026 
3,飞利浦,AC4026/00 
1,飞利浦,AC4030 
1,飞利浦,AC4030/00 
2,飞利浦,AC4030/10 
3,飞利浦,AC4072 
1,飞利浦,AC4072/00 
2,飞利浦,AC4074 
2,飞利浦,AC4074/00 
4,飞利浦,AC4076 
1,飞利浦,AC4076/00 
2,飞利浦,AC4080/00 
2,飞利浦,AC4081 
1,飞利浦,AC4081/00 
3,飞利浦,AC4084 
1,飞利浦,AC4084/00 
1,飞利浦,AC4084SET 
3,飞利浦,AC4085/00 
2,飞利浦,AC4086 
1,飞利浦,AC4086/00 
1,飞利浦,AC4090/00 
2,飞利浦,AC4091 
3,飞利浦,AC4091/00 
1,飞利浦,AC4092/00 
1,飞利浦,AC4096/00 
1,飞利浦,AC4124 HEPA过滤网
1,飞利浦,AC4372 
1,飞利浦,AC4372/00 
4,飞利浦,AC4374 
2,飞利浦,AC4374/00 
1,飞利浦,AC7072 
2,飞利浦,ACP007/00 
1,飞利浦,ACP017/00 
1,飞利浦,ACP027/00 
3,飞利浦,ACP073/00 
3,飞利浦,ACP077/00 
1,飞利浦,ACP087 
2,飞利浦,ACP087/00 
1,飞利浦,ACP097/00 
1,飞利浦,Ac4091 
1,飞利浦,ac4001 
1,飞利浦,ac4025 
1,飞利浦,ac4026 
1,飞利浦,ac4030 
1,飞利浦,ac4072 
1,飞利浦,ac4076 
1,飞利浦,ac4081 
2,飞利浦,ac4084 
1,飞利浦,ac4372 
1,飞利浦,ac4374 
1,飞利浦,怡动车载 
2,飞时,FAP-MK212 
1,飞时,FAP-MKS112 
1,高鼎,NS1000B 
1,高鼎,NS2000B 
2,高鼎,NS200A 
1,高鼎,NS3000B 
1,魔光球,BOMB 
1,魔光球,Cube-A 
2,魔光球,M1 
1,魔光球,MOK600 
2,魔光球,Q1 
1,魔光球,V600T 
1,魔光球,金字塔 
1,魔光球,金字塔Pyramid 
3,鱼跃,YS300 
1,鹅卵石,健康型 
1,齐家,KF-PDF35C 
1,齐家,KJF360A 
1,龙的,NK-JH005D 
2,龙的,NK-JH008Y 
