image,brand,website,model,room_size,dust_cadr,pollen_cadr,tobacco_smoke_cadr,energy_star,meets_ozone_limits,voltage_frequency,dimensions,weight
http://www.ahamdir.com./place_holder.gif,Filtrete,http://www.3m.com/us/home_leisure/filtrete/,FAP01-RS,110 sq feet,86,97,72,No,Yes,115 V 60 Hz,"",""
http://www.ahamdir.com./place_holder.gif,Filtrete,http://www.3m.com/us/home_leisure/filtrete/,FAP02-RS,160 sq feet,128,149,103,No,Yes,115 V 60 Hz,"",""
http://www.ahamdir.com./place_holder.gif,Filtrete,http://www.3m.com/us/home_leisure/filtrete/,FAP03-RS,310 sq feet + WAS: 310,274,312,197  + WAS: 224,No,Yes,120 V 60 Hz,"",""
http://www.ahamdir.com./place_holder.gif,Atmosphere Air Purifier,"",101076,390 sq feet,260,261,250,Yes,Yes,120 V 60 Hz,"",""
http://www.ahamdir.com./place_holder.gif,Atmosphere Air Purifier,"",101076CH,390 sq feet,250,250,250,Yes,"",230 V 50 Hz,"",""
http://www.ahamdir.com./place_holder.gif,Atmosphere Air Purifier,"",101076A,390 sq feet,250,250,250,Yes,"",230 V 50 Hz,"",""
http://www.ahamdir.com./place_holder.gif,Atmosphere Air Purifier,"",101076TH,390 sq feet,250,250,250,Yes,"",230 V 50 Hz,"",""
http://www.ahamdir.com./place_holder.gif,Atmosphere Air Purifier,"",101076HK,390 sq feet,250,250,250,Yes,"",230 V 50 Hz,"",""
http://www.ahamdir.com./place_holder.gif,Atmosphere Air Purifier,"",101076J,390 sq feet,250,250,250,Yes,"",230 V 50 Hz,"",""
http://www.ahamdir.com./place_holder.gif,Atmosphere Air Purifier,"",101076K,390 sq feet,250,250,250,Yes,"",230 V 50 Hz,"",""
http://www.ahamdir.com./place_holder.gif,Atmosphere Air Purifier,"",101076M,390 sq feet,250,250,250,Yes,"",230 V 50 Hz,"",""
http://www.ahamdir.com./place_holder.gif,Atmosphere Air Purifier,"",101076T,390 sq feet,250,250,250,Yes,"",230 V 50 Hz,"",""
http://www.ahamdir.com/aham_cm/dnl/PurePal_AG800.jpg?uuid=UploadedFile.133485&amp;rand=893,Airgle,http://www.airgle.com,PurePal AG800,698 sq feet,>   400,>   450,>   450,Yes,Yes,115 V 60 Hz,"",""
http://www.ahamdir.com/aham_cm/dnl/PurePal_AG850.jpg?uuid=UploadedFile.281774&amp;rand=6514,Airgle,http://www.airgle.com,PurePal AG850,679 sq feet,>   400,>   450,438,Yes,Yes,120 V 60 Hz,"",""
http://www.ahamdir.com/aham_cm/dnl/PurePal_AG900.jpg?uuid=UploadedFile.281775&amp;rand=8119,Airgle,http://www.airgle.com,PurePal AG900,617 sq feet,400,379,398,Yes,Yes,120 V 60 Hz,"",""
http://www.ahamdir.com/aham_cm/dnl/PurePal_AG950.jpg?uuid=UploadedFile.281776&amp;rand=9616,Airgle,http://www.airgle.com,PurePal AG950,510 sq feet,340,320,329,Yes,Yes,120 V 60 Hz,"",""
http://www.ahamdir.com/aham_cm/dnl/203.jpg?uuid=UploadedFile.283446&amp;rand=4737,Blueair,www.blueair.com,203,240 sq feet # WAS: 195,155  # WAS: 115,155  # WAS: 115,155  # WAS: 115,Yes,Yes,120 V 60 Hz,"",""
http://www.ahamdir.com/aham_cm/dnl/403.jpg?uuid=UploadedFile.283453&amp;rand=93,Blueair,www.blueair.com,403,370 sq feet,240,240,240,Yes,Yes,115 V 60 Hz,"",""
http://www.ahamdir.com/aham_cm/dnl/503.jpg?uuid=UploadedFile.283456&amp;rand=9167,Blueair,www.blueair.com,503,580 sq feet,375,375,375,Yes,Yes,115 V 60 Hz,"",""
http://www.ahamdir.com/aham_cm/dnl/603.jpg?uuid=UploadedFile.283457&amp;rand=3431,Blueair,www.blueair.com,603,698 sq feet # WAS: 640,>   400,>   450,>   450  # WAS: 415,Yes,Yes,120 V 60 Hz,"",""
http://www.ahamdir.com./place_holder.gif,Blueair,www.blueair.com,103,130 sq feet,103,101,82,Yes,Yes,120 V 60 Hz,"",""
http://www.ahamdir.com/aham_cm/dnl/450E.jpg?uuid=UploadedFile.283454&amp;rand=1538,Blueair,www.blueair.com,450E,370 sq feet,240,240,240,Yes,Yes,115 V 60 Hz,"",""
http://www.ahamdir.com/aham_cm/dnl/455EB.jpg?uuid=UploadedFile.283877&amp;rand=7871,Blueair,www.blueair.com,455EB,370 sq feet,240,240,240,No,"",115 V 60 Hz,"",""
http://www.ahamdir.com/aham_cm/dnl/555EB.jpg?uuid=UploadedFile.283455&amp;rand=7548,Blueair,www.blueair.com,555EB,605 sq feet,390,390,390,No,Yes,115 V 60 Hz,"",""
http://www.ahamdir.com/aham_cm/dnl/650E.jpg?uuid=UploadedFile.283458&amp;rand=9993,Blueair,www.blueair.com,650E,698 sq feet,>   400,>   450,>   450,Yes,Yes,115 V 60 Hz,"",""
http://www.ahamdir.com/aham_cm/dnl/ECO10.jpg?uuid=UploadedFile.283459&amp;rand=3726,Blueair,www.blueair.com,ECO10,220 sq feet  WAS: 298,195,200,140   WAS: 190,Yes,Yes,115 V 60 Hz,"",""
http://www.ahamdir.com/aham_cm/dnl/270E.jpg?uuid=UploadedFile.283452&amp;rand=8924,Blueair,www.blueair.com,270E,240 sq feet # WAS: 195,155  # WAS: 115,155  # WAS: 115,155  # WAS: 115,Yes,Yes,120 V 60 Hz,"",""
http://www.ahamdir.com/aham_cm/dnl/S1.jpg?uuid=UploadedFile.284778&amp;rand=2808,Blueair,www.blueair.com,S1,150 sq feet,100,100,100,Yes,Yes,120 V 60 Hz,"",""
http://www.ahamdir.com./place_holder.gif,Blueair,www.blueair.com,410B,370 sq feet,240,240,240,Yes,Yes,115 V 60 Hz,"",""
http://www.ahamdir.com./place_holder.gif,Pure Ion Pro,http://www.brookstone.com,630285,292 sq feet,201  + WAS: 234,347,188,Yes,Yes,120 V 60 Hz,"",""
http://www.ahamdir.com./place_holder.gif,Daikin,http://www.daikinac.com,MC75KSU,267 sq feet,200,210,172,No,Yes,115 V 60 Hz,"",""
http://www.ahamdir.com./place_holder.gif,General Electric,http://www.geconsumerandindustrial.com/,AFHC21AM,329 sq feet,229,239,212,Yes,Yes,115 V 60 Hz,16.00 in x 21.00 in x 9.00 in,15.00 lbs.
http://www.ahamdir.com./place_holder.gif,Gree,http://www.gree.com.cn,GCF280CANA,186 sq feet + WAS: 220,160,180,120  + WAS: 140,Yes,Yes,115 V 60 Hz,"",""
http://www.ahamdir.com./place_holder.gif,Soleusair Powered by Gree,http://www.gree.com.cn,AH1-CC-01,186 sq feet + WAS: 220,160,180,120  + WAS: 140,Yes,Yes,115 V 60 Hz,"",""
http://www.ahamdir.com./place_holder.gif,Whirlpool,http://www.whirlpoolairpurifiers.com,AP25030K,320 sq feet,215,224,205,No,"",115 V 60 Hz,"",""
http://www.ahamdir.com./place_holder.gif,Whirlpool,http://www.whirlpoolairpurifiers.com,AP45030K,490 sq feet,328,354,315,No,"",115 V 60 Hz,"",""
http://www.ahamdir.com./place_holder.gif,Whirlpool,http://www.whirlpoolairpurifiers.com,AP51030K,490 sq feet,325,401,315,No,"",115 V 60 Hz,"",""
http://www.ahamdir.com./place_holder.gif,Whirlpool,http://www.whirlpoolairpurifiers.com,APR25130L,296 sq feet,198,214,191,No,"",115 V 60 Hz,"",""
http://www.ahamdir.com./place_holder.gif,Whirlpool,http://www.whirlpoolairpurifiers.com,APR25530L,296 sq feet,198,214,191,No,"",115 V 60 Hz,"",""
http://www.ahamdir.com./place_holder.gif,Whirlpool,http://www.whirlpoolairpurifiers.com,APMT2001M,81 sq feet,64  + WAS: 76,70,52,"","",120 V 60 Hz,"",""
http://www.ahamdir.com./place_holder.gif,Whirlpool,http://www.whirlpoolairpurifiers.com,APR45130L,482 sq feet,323,359,311,"","",120 V 60 Hz,"",""
http://www.ahamdir.com./place_holder.gif,Whirlpool,http://www.whirlpoolairpurifiers.com,APT45230L,482 sq feet,323,359,311,Yes,No,120 V 60 Hz,"",""
http://www.ahamdir.com./place_holder.gif,Whirlpool,http://www.whirlpoolairpurifiers.com,APT42010M,490 sq feet,136,150,123,yes,"",120 V 60 Hz,"",""
http://www.ahamdir.com./place_holder.gif,Whirlpool,http://www.whirlpoolairpurifiers.com,APT40010R,190 sq feet,136,150,123,"","",120 V 60 Hz,"",""
http://www.ahamdir.com./place_holder.gif,Whirlpool,http://www.whirlpoolairpurifiers.com,APT30010M,190 sq feet,136,150,123,"","",120 V 60 Hz,"",""
http://www.ahamdir.com./place_holder.gif,Kenmore,http://www.sears.com,437.83396410,317 sq feet,229,251,205,Yes,Yes,120 V 60 Hz,"",""
http://www.ahamdir.com./place_holder.gif,Kenmore,http://www.sears.com,437.83395410,280 sq feet,191,191,181,Yes,Yes,120 V 60 Hz,"",""
http://www.ahamdir.com./place_holder.gif,Kenmore,http://www.sears.com,437.83394410,162 sq feet,111,117,105,Yes,Yes,120 V 60 Hz,"",""
http://www.ahamdir.com./place_holder.gif,Honeywell,www.kaz.com,16200,80 sq feet,44,58,53,No,Yes,120 V 60 Hz,"",""
http://www.ahamdir.com./place_holder.gif,Honeywell,www.kaz.com,17000,200 sq feet,130,130,130,No,Yes,120 V 60 Hz,"",""
http://www.ahamdir.com./place_holder.gif,Honeywell,www.kaz.com,17005,200 sq feet,130,130,130,No,Yes,115 V 60 Hz,"",""
http://www.ahamdir.com./place_holder.gif,Honeywell,www.kaz.com,18155,197 sq feet,132,135,127,No,Yes,120 V 60 Hz,"",""
http://www.ahamdir.com./place_holder.gif,Honeywell,www.kaz.com,50150,235 sq feet,150,150,150,No,Yes,120 V 60 Hz,"",""
http://www.ahamdir.com./place_holder.gif,Honeywell,www.kaz.com,50250,390 sq feet,250,250,250,No,Yes,120 V 60 Hz,"",""
http://www.ahamdir.com./place_holder.gif,Honeywell,www.kaz.com,16200C,80 sq feet,44,58,53,No,Yes,115 V 60 Hz,"",""
http://www.ahamdir.com./place_holder.gif,Honeywell,www.kaz.com,17000-N,200 sq feet,130,130,130,No,Yes,115 V 60 Hz,"",""
http://www.ahamdir.com./place_holder.gif,Honeywell,www.kaz.com,17000-S,200 sq feet,130,130,130,No,Yes,115 V 60 Hz,"",""
http://www.ahamdir.com./place_holder.gif,Honeywell,www.kaz.com,17000-TGT,200 sq feet,130,130,130,No,Yes,115 V 60 Hz,"",""
http://www.ahamdir.com./place_holder.gif,Honeywell,www.kaz.com,17005-N,200 sq feet,130,130,130,No,Yes,115 V 60 Hz,"",""
http://www.ahamdir.com./place_holder.gif,Honeywell,www.kaz.com,17007-HD,200 sq feet,130,130,130,No,Yes,115 V 60 Hz,"",""
http://www.ahamdir.com./place_holder.gif,Honeywell,www.kaz.com,50100-N,150 sq feet,100,100,100,No,Yes,115 V 60 Hz,"",""
http://www.ahamdir.com./place_holder.gif,Honeywell,www.kaz.com,50150-N,235 sq feet,150,150,150,No,Yes,115 V 60 Hz,"",""
http://www.ahamdir.com./place_holder.gif,Honeywell,www.kaz.com,50250-N,390 sq feet,250,250,250,No,Yes,115 V 60 Hz,"",""
http://www.ahamdir.com./place_holder.gif,Honeywell,www.kaz.com,50250-S,390 sq feet,250,250,250,No,Yes,115 V 60 Hz,"",""
http://www.ahamdir.com./place_holder.gif,Honeywell,www.kaz.com,50255-HD,390 sq feet,250,250,250,No,Yes,115 V 60 Hz,"",""
http://www.ahamdir.com./place_holder.gif,Honeywell,www.kaz.com,HFD-010,62 sq feet,35,55,40,No,Yes,120 V 60 Hz,"",""
http://www.ahamdir.com./place_holder.gif,Honeywell,www.kaz.com,HFD-010C,62 sq feet,35,55,40,No,Yes,120 V 60 Hz,"",""
http://www.ahamdir.com./place_holder.gif,Honeywell,www.kaz.com,HFD-015C,62 sq feet,35,55,40,No,Yes,115 V 60 Hz,"",""
http://www.ahamdir.com./place_holder.gif,Honeywell,www.kaz.com,HFD-110,124 sq feet,69,88,80,Yes,Yes,120 V 60 Hz,"",""
http://www.ahamdir.com./place_holder.gif,Honeywell,www.kaz.com,HFD-110C,124 sq feet,69,88,80,Yes,Yes,120 V 60 Hz,"",""
http://www.ahamdir.com./place_holder.gif,Honeywell,www.kaz.com,HFD-112,124 sq feet,69,88,80,No,Yes,115 V 60 Hz,"",""
http://www.ahamdir.com./place_holder.gif,Honeywell,www.kaz.com,HFD-116C,124 sq feet,69,88,80,Yes,Yes,115 V 60 Hz,"",""
http://www.ahamdir.com./place_holder.gif,Honeywell,www.kaz.com,HFD-120-Q,170 sq feet,100,132,110,Yes,Yes,120 V 60 Hz,"",""
http://www.ahamdir.com./place_holder.gif,Honeywell,www.kaz.com,HFD-120QC,170 sq feet,100,132,110,Yes,Yes,120 V 60 Hz,"",""
http://www.ahamdir.com./place_holder.gif,Honeywell,www.kaz.com,HFD-122C,170 sq feet,100,132,110,Yes,Yes,120 V 60 Hz,"",""
http://www.ahamdir.com./place_holder.gif,Honeywell,www.kaz.com,HFD-122-TGT,170 sq feet,100,132,110,Yes,Yes,120 V 60 Hz,"",""
http://www.ahamdir.com./place_holder.gif,Honeywell,www.kaz.com,HFD-123-HD,170 sq feet,100,132,110,Yes,Yes,120 V 60 Hz,"",""
http://www.ahamdir.com./place_holder.gif,Honeywell,www.kaz.com,HFD-130,169 sq feet,100,130,110,No,Yes,120 V 60 Hz,"",""
http://www.ahamdir.com./place_holder.gif,Honeywell,www.kaz.com,HFD-130C,169 sq feet,100,130,110,No,Yes,120 V 60 Hz,"",""
http://www.ahamdir.com./place_holder.gif,Honeywell,www.kaz.com,HHT-011,85 sq feet,55,65,55,No,Yes,120 V 60 Hz,"",""
http://www.ahamdir.com./place_holder.gif,Honeywell,www.kaz.com,HHT-011C,85 sq feet,55,65,55,No,Yes,120 V 60 Hz,"",""
http://www.ahamdir.com./place_holder.gif,Honeywell,www.kaz.com,HHT-013,85 sq feet,55,65,55,No,Yes,120 V 60 Hz,"",""
http://www.ahamdir.com./place_holder.gif,Honeywell,www.kaz.com,HHT-013-HD,85 sq feet,55,65,55,No,Yes,120 V 60 Hz,"",""
http://www.ahamdir.com./place_holder.gif,Honeywell,www.kaz.com,HHT-016-MP,85 sq feet,55,65,55,No,Yes,120 V 60 Hz,"",""
http://www.ahamdir.com./place_holder.gif,Honeywell,www.kaz.com,HHT-055,79 sq feet,79,76,51,Yes,Yes,120 V 60 Hz,"",""
http://www.ahamdir.com./place_holder.gif,Honeywell,www.kaz.com,HHT-057C,70 sq feet,55  + WAS: 67,57  + WAS: 64,45,No,Yes,120 V 60 Hz,"",""
http://www.ahamdir.com./place_holder.gif,Honeywell,www.kaz.com,HHT-080,170 sq feet,90,90,110,No,Yes,120 V 60 Hz,"",""
http://www.ahamdir.com./place_holder.gif,Honeywell,www.kaz.com,HHT-080C,170 sq feet,90,90,110,No,Yes,120 V 60 Hz,"",""
http://www.ahamdir.com./place_holder.gif,Honeywell,www.kaz.com,HHT-081,170 sq feet,90,90,110,No,Yes,120 V 60 Hz,"",""
http://www.ahamdir.com./place_holder.gif,Honeywell,www.kaz.com,HHT-081C,170 sq feet,90,90,110,No,Yes,120 V 60 Hz,"",""
http://www.ahamdir.com./place_holder.gif,Honeywell,www.kaz.com,HHT-082-TGT,170 sq feet,90,90,110,No,Yes,120 V 60 Hz,"",""
http://www.ahamdir.com./place_holder.gif,Honeywell,www.kaz.com,HHT-085-HD,170 sq feet,90,90,110,No,Yes,120 V 60 Hz,"",""
http://www.ahamdir.com./place_holder.gif,Honeywell,www.kaz.com,HHT-090,170 sq feet,90,90,110,No,Yes,120 V 60 Hz,"",""
http://www.ahamdir.com./place_holder.gif,Honeywell,www.kaz.com,HHT-090C,170 sq feet,90,90,110,No,Yes,120 V 60 Hz,"",""
http://www.ahamdir.com./place_holder.gif,Honeywell,www.kaz.com,HHT-145,185 sq feet,120,130,120,No,Yes,120 V 60 Hz,"",""
http://www.ahamdir.com./place_holder.gif,Honeywell,www.kaz.com,HHT-145-TGT,185 sq feet,120,130,120,No,Yes,120 V 60 Hz,"",""
http://www.ahamdir.com./place_holder.gif,Honeywell,www.kaz.com,HHT-149,185 sq feet,120,130,120,No,Yes,120 V 60 Hz,"",""
http://www.ahamdir.com./place_holder.gif,Honeywell,www.kaz.com,HHT-149C-CST,185 sq feet,120,130,120,No,Yes,120 V 60 Hz,"",""
http://www.ahamdir.com./place_holder.gif,Honeywell,www.kaz.com,HHT-149-HD,185 sq feet,120,130,120,No,Yes,120 V 60 Hz,"",""
http://www.ahamdir.com./place_holder.gif,Honeywell,www.kaz.com,HHT-155,182 sq feet,146,148,118,Yes,Yes,120 V 60 Hz,"",""
http://www.ahamdir.com./place_holder.gif,Honeywell,www.kaz.com,HHT-155-SMS,182 sq feet,146,148,118,Yes,Yes,120 V 60 Hz,"",""
http://www.ahamdir.com./place_holder.gif,Honeywell,www.kaz.com,HHT-157C,185 sq feet,139,151,120,Yes,Yes,120 V 60 Hz,"",""
http://www.ahamdir.com./place_holder.gif,Honeywell,www.kaz.com,HPA-050,75 sq feet,66,68,48,Yes,Yes,120 V 60 Hz,"",""
http://www.ahamdir.com./place_holder.gif,Honeywell,www.kaz.com,HPA-050-TGT,75 sq feet,66,68,48,Yes,Yes,120 V 60 Hz,"",""
http://www.ahamdir.com./place_holder.gif,Honeywell,www.kaz.com,HPA-051C,70 sq feet,60  # WAS: 64,57,45,Yes,Yes,120 V 60 Hz,"",""
http://www.ahamdir.com./place_holder.gif,Honeywell,www.kaz.com,HPA-150,177 sq feet,125,130,110,Yes,Yes,120 V 60 Hz,"",""
http://www.ahamdir.com./place_holder.gif,Honeywell,www.kaz.com,HPA-150-TGT,177 sq feet,125,130,110,Yes,Yes,120 V 60 Hz,"",""
http://www.ahamdir.com./place_holder.gif,Honeywell,www.kaz.com,HPA-151C,152 sq feet + WAS: 185,117  + WAS: 134,151,98  + WAS: 120,Yes,Yes,120 V 60 Hz,"",""
http://www.ahamdir.com./place_holder.gif,Honeywell,www.kaz.com,HTT-022,99 sq feet,54,62,63,No,Yes,120 V 60 Hz,"",""
http://www.ahamdir.com./place_holder.gif,Honeywell,www.kaz.com,HFD323-TGT,250 sq feet,160,170,161,Yes,Yes,120 V 60 Hz,"",""
http://www.ahamdir.com./place_holder.gif,Honeywell,www.kaz.com,HFD320,250 sq feet,160,170,161,Yes,Yes,120 V 60 Hz,"",""
http://www.ahamdir.com./place_holder.gif,Honeywell,www.kaz.com,HFD320C,250 sq feet,160,170,161,Yes,Yes,120 V 60 Hz,"",""
http://www.ahamdir.com./place_holder.gif,Honeywell,www.kaz.com,HPA-245,170 sq feet,120,130,110,No,Yes,120 V 60 Hz,"",""
http://www.ahamdir.com./place_holder.gif,Honeywell,www.kaz.com,HPA-248-TGT,170 sq feet,120,130,110,No,Yes,120 V 60 Hz,"",""
http://www.ahamdir.com./place_holder.gif,Honeywell,www.kaz.com,HPA-249,170 sq feet,120,130,110,No,Yes,120 V 60 Hz,"",""
http://www.ahamdir.com./place_holder.gif,Honeywell,www.kaz.com,HFD300,225 sq feet,150,160,146,Yes,Yes,120 V 60 Hz,"",""
http://www.ahamdir.com./place_holder.gif,Honeywell,www.kaz.com,HFD303C,225 sq feet,150,160,146,Yes,Yes,120 V 60 Hz,"",""
http://www.ahamdir.com./place_holder.gif,Honeywell,www.kaz.com,HFD310,250 sq feet,160,170,161,Yes,Yes,120 V 60 Hz,"",""
http://www.ahamdir.com./place_holder.gif,Honeywell,www.kaz.com,HFD310C,250 sq feet,160,170,161,Yes,Yes,120 V 60 Hz,"",""
http://www.ahamdir.com./place_holder.gif,Honeywell,www.kaz.com,HFD322C,250 sq feet,160,170,161,Yes,Yes,120 V 60 Hz,"",""
http://www.ahamdir.com./place_holder.gif,Honeywell,www.kaz.com,HPA200,310 sq feet,190,180,200,Yes,Yes,120 V 60 Hz,"",""
http://www.ahamdir.com./place_holder.gif,Honeywell,www.kaz.com,HPA204,310 sq feet,190,180,200,Yes,Yes,120 V 60 Hz,"",""
http://www.ahamdir.com./place_holder.gif,Honeywell,www.kaz.com,HPA201-TGT,310 sq feet,190,180,200,Yes,Yes,120 V 60 Hz,"",""
http://www.ahamdir.com./place_holder.gif,Honeywell,www.kaz.com,HPA060,75 sq feet,62,75,48,Yes,Yes,120 V 60 Hz,"",""
http://www.ahamdir.com./place_holder.gif,Honeywell,www.kaz.com,HPA061-TGT,75 sq feet,62,75,48,Yes,Yes,120 V 60 Hz,"",""
http://www.ahamdir.com./place_holder.gif,Honeywell,www.kaz.com,HPA160,170 sq feet,120,130,110,Yes,Yes,120 V 60 Hz,"",""
http://www.ahamdir.com./place_holder.gif,Honeywell,www.kaz.com,HPA161-TGT,170 sq feet,120,130,110,Yes,Yes,120 V 60 Hz,"",""
http://www.ahamdir.com./place_holder.gif,Honeywell,www.kaz.com,HPA100,155 sq feet,106,100,100,Yes,Yes,120 V 60 Hz,"",""
http://www.ahamdir.com./place_holder.gif,Honeywell,www.kaz.com,HPA104,155 sq feet,106,100,100,Yes,Yes,120 V 60 Hz,"",""
http://www.ahamdir.com./place_holder.gif,Honeywell,www.kaz.com,HPA101-TGT,155 sq feet,106,100,100,Yes,Yes,120 V 60 Hz,"",""
http://www.ahamdir.com./place_holder.gif,Honeywell,www.kaz.com,HPA105-TGT,155 sq feet,106,100,100,Yes,Yes,120 V 60 Hz,"",""
http://www.ahamdir.com./place_holder.gif,Honeywell,www.kaz.com,HPA300,465 sq feet,320,300,300,Yes,Yes,120 V 60 Hz,"",""
http://www.ahamdir.com./place_holder.gif,Honeywell,www.kaz.com,HPA300C,465 sq feet,320,300,300,Yes,Yes,120 V 60 Hz,"",""
http://www.ahamdir.com./place_holder.gif,Honeywell,www.kaz.com,HPA104C,155 sq feet,106,100,100,Yes,Yes,120 V 60 Hz,"",""
http://www.ahamdir.com./place_holder.gif,Honeywell,www.kaz.com,HPA094,155 sq feet,106,100,100,Yes,Yes,120 V 60 Hz,"",""
http://www.ahamdir.com./place_holder.gif,Honeywell,www.kaz.com,HPA100C,155 sq feet,106,100,100,Yes,Yes,120 V 60 Hz,"",""
http://www.ahamdir.com./place_holder.gif,Honeywell,www.kaz.com,HPA200C,310 sq feet,190,180,200,Yes,Yes,120 V 60 Hz,"",""
http://www.ahamdir.com./place_holder.gif,Honeywell,www.kaz.com,HPA204C,310 sq feet,190,180,200,Yes,Yes,120 V 60 Hz,"",""
http://www.ahamdir.com./place_holder.gif,Honeywell,www.kaz.com,HPA060C,75 sq feet,62,75,48,Yes,Yes,120 V 60 Hz,"",""
http://www.ahamdir.com./place_holder.gif,Honeywell,www.kaz.com,HPA074C,75 sq feet,62,75,48,Yes,Yes,120 V 60 Hz,"",""
http://www.ahamdir.com./place_holder.gif,Honeywell,www.kaz.com,HPA160C,170 sq feet,120,130,110,Yes,Yes,120 V 60 Hz,"",""
http://www.ahamdir.com./place_holder.gif,Honeywell,www.kaz.com,HPA164C,170 sq feet,120,130,110,Yes,Yes,120 V 60 Hz,"",""
http://www.ahamdir.com./place_holder.gif,Honeywell,www.kaz.com,HD010GWM,62 sq feet,35,55,40,No,Yes,120 V 60 Hz,"",""
http://www.ahamdir.com./place_holder.gif,Honeywell,www.kaz.com,HD010RHS,62 sq feet,35,55,40,No,Yes,120 V 60 Hz,"",""
http://www.ahamdir.com./place_holder.gif,Honeywell,www.kaz.com,HD010LHS,62 sq feet,35,55,40,No,Yes,120 V 60 Hz,"",""
http://www.ahamdir.com./place_holder.gif,Honeywell,www.kaz.com,HD010WHS,62 sq feet,35,55,40,No,Yes,120 V 60 Hz,"",""
http://www.ahamdir.com./place_holder.gif,Honeywell,www.kaz.com,HA300BHD,465 sq feet,320,300,300,Yes,Yes,120 V 60 Hz,"",""
http://www.ahamdir.com./place_holder.gif,Honeywell,www.kaz.com,HA202BHD,310 sq feet,190,180,200,Yes,Yes,120 V 60 Hz,"",""
http://www.ahamdir.com./place_holder.gif,Honeywell,www.kaz.com,HD123GHD,170 sq feet,100,132,110,Yes,Yes,120 V 60 Hz,"",""
http://www.ahamdir.com./place_holder.gif,Honeywell,www.kaz.com,HD320BHD,250 sq feet,160,170,161,Yes,Yes,120 V 60 Hz,"",""
http://www.ahamdir.com./place_holder.gif,Honeywell,www.kaz.com,HA106WHD,155 sq feet,106,100,100,Yes,Yes,120 V 60 Hz,"",""
http://www.ahamdir.com./place_holder.gif,Honeywell,www.kaz.com,HFD110WHS,124 sq feet,69,88,80,Yes,Yes,120 V 60 Hz,"",""
http://www.ahamdir.com./place_holder.gif,Honeywell,www.kaz.com,HFD110BHS,124 sq feet,69,88,80,Yes,Yes,120 V 60 Hz,"",""
http://www.ahamdir.com./place_holder.gif,Honeywell,www.kaz.com,HFD010WHS,62 sq feet,35,55,40,No,Yes,120 V 60 Hz,"",""
http://www.ahamdir.com./place_holder.gif,Honeywell,www.kaz.com,HFD010BHS,62 sq feet,35,55,40,No,Yes,120 V 60 Hz,"",""
http://www.ahamdir.com./place_holder.gif,Honeywell,www.kaz.com,HPA250B,310 sq feet,190,180,200,Yes,Yes,120 V 60 Hz,"",""
http://www.ahamdir.com./place_holder.gif,Honeywell,www.kaz.com,HHT270WHD,85 sq feet,68,65,55,Yes,Yes,120 V 60 Hz,"",""
http://www.ahamdir.com./place_holder.gif,Honeywell,www.kaz.com,HHT270W,85 sq feet,68,65,55,Yes,Yes,120 V 60 Hz,"",""
http://www.ahamdir.com./place_holder.gif,Honeywell,www.kaz.com,HHT290WHD,170 sq feet,118,90,110,Yes,Yes,120 V 60 Hz,"",""
http://www.ahamdir.com./place_holder.gif,Honeywell,www.kaz.com,HHT290W,170 sq feet,118,90,110,Yes,Yes,120 V 60 Hz,"",""
http://www.ahamdir.com./place_holder.gif,Vicks,"",V9071,80 sq feet,44,58,53,No,Yes,120 V 60 Hz,"",""
http://www.ahamdir.com./place_holder.gif,Vicks,"",V9071C,80 sq feet,44,58,53,No,Yes,120 V 60 Hz,"",""
http://www.ahamdir.com/aham_cm/dnl/E2.JPG?uuid=UploadedFile.133484&amp;rand=800,Rainbow,"",E2,90 sq feet,61,67,55,No,"",120 V 60 Hz,"",""
http://www.ahamdir.com./place_holder.gif,Sharp,"",FP-A40U,200 sq feet,140,160,129,Yes,Yes,120 V 60 Hz,"",""
http://www.ahamdir.com./place_holder.gif,Sharp,"",FP-P30U,124 sq feet,92,130,80,Yes,Yes,120 V 60 Hz,"",""
http://www.ahamdir.com./place_holder.gif,Sharp,"",KC-830U,124 sq feet,92,130,80,Yes,Yes,120 V 60 Hz,"",""
http://www.ahamdir.com./place_holder.gif,Sharp,"",KC-850U,254 sq feet,164,174,164,Yes,Yes,120 V 60 Hz,"",""
http://www.ahamdir.com./place_holder.gif,Sharp,"",KC-860U,341 sq feet,231,245,220,Yes,Yes,120 V 60 Hz,"",""
http://www.ahamdir.com./place_holder.gif,Sharp,"",FP-A28U,120 sq feet,91,100,77,Yes,Yes,120 V 60 Hz,"",""
http://www.ahamdir.com./place_holder.gif,Sharp,"",FP-A80U,454 sq feet,303,360,293,Yes,yes,120 V 60 Hz,"",""
http://www.ahamdir.com./place_holder.gif,Sharp,"",FP-A60U,341 sq feet,232,238,220,Yes,Yes,120 V 60 Hz,"",""
http://www.ahamdir.com./place_holder.gif,Electrolux,http://www.electrolux.com,EL500A,405 sq feet,262,253,261,Yes,No,120 V 60 Hz,"",""
http://www.ahamdir.com./place_holder.gif,Electrolux,http://www.electrolux.com,EL500AX,405 sq feet,262,253,261,Yes,No,120 V 60 Hz,"",""
http://www.ahamdir.com./place_holder.gif,Electrolux,http://www.electrolux.com,EL500AZ,405 sq feet,262,253,261,Yes,No,120 V 60 Hz,"",""
http://www.ahamdir.com./place_holder.gif,Electrolux,http://www.electrolux.com,ELAP15D7PW,150 sq feet,98,103,98,Yes,"",120 V 60 Hz,"",""
http://www.ahamdir.com./place_holder.gif,Electrolux,http://www.electrolux.com,ELAP30D7PW,300 sq feet,197,214,197,Yes,"",120 V 60 Hz,"",""
http://www.ahamdir.com./place_holder.gif,Electrolux,http://www.electrolux.com,ELAP40D8PW,450 sq feet,298,343,291,Yes,"",120 V 60 Hz,"",""
http://www.ahamdir.com./place_holder.gif,Electrolux,http://www.electrolux.com,ELAP45D8PW,450 sq feet,298,343,291,Yes,"",120 V 60 Hz,"",""
http://www.ahamdir.com./place_holder.gif,Electrolux,http://www.electrolux.com,EAP300-U,300 sq feet,197,214,197,No,No,240 V 50 Hz,"",""
http://www.ahamdir.com./place_holder.gif,Electrolux,http://www.electrolux.com,EAP300,300 sq feet,197,214,197,No,No,220 V 50 Hz,"",""
http://www.ahamdir.com./place_holder.gif,Electrolux,http://www.electrolux.com,EAP450,450 sq feet,298,343,291,No,No,220 V 50 Hz,"",""
http://www.ahamdir.com./place_holder.gif,Riccar,"",RAPL,284 sq feet,182,194,183,Yes,"",115 V 60 Hz,"",""
http://www.ahamdir.com./place_holder.gif,Riccar,"",RAPM,180 sq feet,126,138,117,Yes,"",115 V 60 Hz,"",""
http://www.ahamdir.com./place_holder.gif,Simplicity,"",HHPL,284 sq feet,182,194,183,Yes,"",115 V 60 Hz,"",""
http://www.ahamdir.com./place_holder.gif,Simplicity,"",HHPM,180 sq feet,126,138,117,No,"",115 V 60 Hz,"",""
http://www.ahamdir.com./place_holder.gif,Winix,http://www.winixinc.com,5300,350 sq feet,248,251,235,Yes,Yes,115 V 60 Hz,"",""
http://www.ahamdir.com./place_holder.gif,Winix,http://www.winixinc.com,5500,350 sq feet,248,251,235,Yes,Yes,115 V 60 Hz,"",""
http://www.ahamdir.com./place_holder.gif,Winix,http://www.winixinc.com,9300,213 sq feet,142,145,138,Yes,"",115 V 60 Hz,"",""
http://www.ahamdir.com./place_holder.gif,Winix,http://www.winixinc.com,9500,284 sq feet,182,194,183,Yes,"",115 V 60 Hz,"",""
http://www.ahamdir.com./place_holder.gif,Winix,http://www.winixinc.com,6300,350 sq feet,248,251,235,Yes,Yes,120 V 60 Hz,"",""
http://www.ahamdir.com./place_holder.gif,Winix,http://www.winixinc.com,WACU150,150 sq feet,98,103,98,Yes,No,120 V 60 Hz,"",""
http://www.ahamdir.com./place_holder.gif,Winix,http://www.winixinc.com,WACP150,150 sq feet,98,103,98,Yes,No,120 V 60 Hz,"",""
http://www.ahamdir.com./place_holder.gif,Winix,http://www.winixinc.com,WACP300,300 sq feet,197,214,197,Yes,No,120 V 60 Hz,"",""
http://www.ahamdir.com./place_holder.gif,Winix,http://www.winixinc.com,WACU300,300 sq feet,197,214,197,Yes,No,120 V 60 Hz,"",""
http://www.ahamdir.com./place_holder.gif,Winix,http://www.winixinc.com,WACP450,450 sq feet,298,343,291,Yes,No,120 V 60 Hz,"",""
http://www.ahamdir.com./place_holder.gif,Winix,http://www.winixinc.com,WACU450,450 sq feet,298,343,291,Yes,No,120 V 60 Hz,"",""
http://www.ahamdir.com./place_holder.gif,Winix,http://www.winixinc.com,B451,450 sq feet,298,343,291,Yes,No,120 V 60 Hz,"",""
http://www.ahamdir.com./place_holder.gif,Winix,http://www.winixinc.com,B151,150 sq feet,98,103,98,Yes,No,120 V 60 Hz,"",""
http://www.ahamdir.com./place_holder.gif,Fellowes,http://www.winixinc.com,AP-230PH,230 sq feet,165,164,150,Yes,"",115 V 60 Hz,"",""
http://www.ahamdir.com./place_holder.gif,Fellowes,http://www.winixinc.com,AP-300PH,321 sq feet,216,206,207,Yes,"",115 V 60 Hz,"",""
http://www.ahamdir.com/aham_cm/dnl/AP-1005AH.JPG?uuid=UploadedFile.133486&amp;rand=2157,Coway,http://www.coway.com,AP-1005AH,239 sq feet,168,178,154,No,"",115 V 60 Hz,"",""
http://www.ahamdir.com/aham_cm/dnl/AP-1503CHE.JPG?uuid=UploadedFile.133487&amp;rand=1829,Coway,http://www.coway.com,AP-1503CHE,332 sq feet,226,283,214,No,"",115 V 60 Hz,"",""
http://www.ahamdir.com/aham_cm/dnl/AP-3008FH.JPG?uuid=UploadedFile.133488&amp;rand=5067,Coway,http://www.coway.com,AP-3008FH,698 sq feet,>   400,>   450,>   450,No,"",115 V 60 Hz,"",""
http://www.ahamdir.com./place_holder.gif,Coway,http://www.coway.com,APM-1010DH,229 sq feet,165,196,147,Yes,No,120 V 60 Hz,"",""
http://www.ahamdir.com./place_holder.gif,Coway,http://www.coway.com,APM-1510FH,339 sq feet,237,237,219,Yes,No,120 V 60 Hz,"",""
http://www.ahamdir.com./place_holder.gif,Coway,http://www.coway.com,AP-1012GH,256 sq feet,176,162,165,Yes,No,120 V 60 Hz,"",""
http://www.ahamdir.com./place_holder.gif,Coway,http://www.coway.com,AP-0510IH,181 sq feet,140,164,117,Yes,No,120 V 60 Hz,"",""
http://www.ahamdir.com./place_holder.gif,Coway,http://www.coway.com,AP-1511FHE,352 sq feet,234,256,227,No,No,120 V 60 Hz,"",""
http://www.ahamdir.com./place_holder.gif,Coway,http://www.coway.com,AP-0512NH,155 sq feet,110,110,100,Yes,No,120 V 60 Hz,"",""
http://www.ahamdir.com./place_holder.gif,Coway,http://www.coway.com,AP-1512HH,361 sq feet,246,240,233,Yes,Yes,120 V 60 Hz,"",""
http://www.ahamdir.com./place_holder.gif,Maytag,http://www.whirlpoolairpurifiers.com,MAPG32507W,323 sq feet,217,233,208,yes,"",120 V 60 Hz,"",""
http://www.ahamdir.com./place_holder.gif,Maytag,http://www.whirlpoolairpurifiers.com,MAPG34508W,496 sq feet,328,385,320,yes,"",120 V 60 Hz,"",""
http://www.ahamdir.com./place_holder.gif,Maytag,http://www.whirlpoolairpurifiers.com,MAPG45120Y,453 sq feet,305,337,292,yes,"",120 V 60 Hz,"",""
http://www.ahamdir.com./place_holder.gif,Maytag,http://www.whirlpoolairpurifiers.com,MAPG45220Y,453 sq feet,305,337,292,yes,"",120 V 60 Hz,"",""
http://www.ahamdir.com./place_holder.gif,Maytag,http://www.whirlpoolairpurifiers.com,MAPG25220Y,270 sq feet,187,191,174,yes,"",120 V 60 Hz,"",""
http://www.ahamdir.com./place_holder.gif,Aerus,www.blueair.com,F179A,130 sq feet,103,101,82,Yes,Yes,120 V 60 Hz,"",""
http://www.ahamdir.com./place_holder.gif,cado,www.eclair.co.jp,AP-C100,101 sq feet,81,82,65,No,No,100 V 60 Hz,"",""
http://www.ahamdir.com./place_holder.gif,cado,www.eclair.co.jp,AP-C700,>  695 sq feet,>   400,>   450,>   450,No,No,100 V 60 Hz,"",""
http://www.ahamdir.com./place_holder.gif,cado,www.eclair.co.jp,AP-C500,476 sq feet,392,372,307,No,No,100 V 60 Hz,"",""
http://www.ahamdir.com./place_holder.gif,cado,www.eclair.co.jp,AP-C300,273 sq feet,203,170,176,No,No,100 V 60 Hz,"",""
http://www.ahamdir.com./place_holder.gif,Ionic Comfort Plus,www.laskoproducts.com,A551,263 sq feet,193,200,170,Yes,Yes,120 V 60 Hz,"",""
http://www.ahamdir.com./place_holder.gif,Ionic Comfort Plus,www.laskoproducts.com,A501,132 sq feet,100,100,85,Yes,Yes,120 V 60 Hz,"",""
http://www.ahamdir.com./place_holder.gif,Ionic Comfort Plus,www.laskoproducts.com,A502,132 sq feet,100,100,85,Yes,Yes,120 V 60 Hz,"",""
http://www.ahamdir.com./place_holder.gif,Ionic Comfort Plus,www.laskoproducts.com,A552,263 sq feet,193,200,170,Yes,Yes,120 V 60 Hz,"",""
http://www.ahamdir.com./place_holder.gif,Kenmore,www.sears.com,250,315 sq feet,203,228,203,Yes,No,120 V 60 Hz,"",""
http://www.ahamdir.com./place_holder.gif,Kenmore,www.sears.com,103.88500310,315 sq feet,203,228,203,Yes,No,120 V 60 Hz,"",""
http://www.ahamdir.com./place_holder.gif,Fellowes,www.fellowes.com,AeraMax 100,100 sq feet,65,75,68,No,Yes,120 V 60 Hz,"",""
http://www.ahamdir.com./place_holder.gif,Fellowes,www.fellowes.com,AeraMax DX5 (Japan),80 sq feet,51,58,53,No,"",100 V 50 Hz,"",""
http://www.ahamdir.com./place_holder.gif,Fellowes,www.fellowes.com,AeraMax 300,300 sq feet,196,188,191,No,Yes,120 V 60 Hz,"",""
http://www.ahamdir.com./place_holder.gif,Fellowes,www.fellowes.com,AeraMax 290,300 sq feet,196,188,191,No,"",120 V 60 Hz,"",""
http://www.ahamdir.com./place_holder.gif,Fellowes,www.fellowes.com,AeraMax DX95,300 sq feet,196,188,191,No,"",120 V 60 Hz,"",""
http://www.ahamdir.com./place_holder.gif,Fellowes,www.fellowes.com,AeraMax 90,100 sq feet,65,75,68,No,Yes,120 V 60 Hz,"",""
http://www.ahamdir.com./place_holder.gif,Fellowes,www.fellowes.com,AeraMax DX5,100 sq feet,65,75,68,No,Yes,120 V 60 Hz,"",""
http://www.ahamdir.com./place_holder.gif,Fellowes,www.fellowes.com,AeraMax 200,200 sq feet,129,124,126,No,Yes,120 V 60 Hz,"",""
http://www.ahamdir.com./place_holder.gif,Fellowes,www.fellowes.com,AeraMax 190,200 sq feet,129,124,126,No,Yes,120 V 60 Hz,"",""
http://www.ahamdir.com./place_holder.gif,Fellowes,www.fellowes.com,AeraMax DX55,200 sq feet,129,124,126,No,Yes,120 V 60 Hz,"",""
http://www.ahamdir.com./place_holder.gif,Friedrich,http://www.friedrich.com/,AP260,260 sq feet,175,176,168,Yes,Yes,115 V 60 Hz,"",""
http://www.ahamdir.com./place_holder.gif,Air Tamer,www.laskoproducts.com,A551FZ,263 sq feet,193,200,170,Yes,Yes,120 V 60 Hz,"",""
http://www.ahamdir.com./place_holder.gif,Hisense,"",KJFA420N,330 sq feet,240,270,215,No,"",220 V 50 Hz,"",""
http://www.ahamdir.com./place_holder.gif,Febreze,www.kaz.com,FHT180WSMD1,85 sq feet,79,73,55,Yes,Yes,120 V 60 Hz,"",""
http://www.ahamdir.com./place_holder.gif,Febreze,www.kaz.com,FHT180V,85 sq feet,79,73,55,Yes,Yes,120 V 60 Hz,"",""
http://www.ahamdir.com./place_holder.gif,Febreze,www.kaz.com,FHT180W,85 sq feet,79,73,55,Yes,Yes,120 V 60 Hz,"",""
http://www.ahamdir.com./place_holder.gif,Febreze,www.kaz.com,FHT180WC,85 sq feet,79,73,55,Yes,Yes,120 V 60 Hz,"",""
http://www.ahamdir.com./place_holder.gif,Febreze,www.kaz.com,FHT180WHS,85 sq feet,79,73,55,Yes,Yes,120 V 60 Hz,"",""
http://www.ahamdir.com./place_holder.gif,Idylis,www.lgsourcing.com,561212,310 sq feet,240,260,200,Yes,Yes,120 V 60 Hz,"",""
http://www.ahamdir.com./place_holder.gif,Idylis,www.lgsourcing.com,560732,78 sq feet,45,50,50,No,Yes,120 V 60 Hz,"",""
http://www.ahamdir.com./place_holder.gif,Idylis,www.lgsourcing.com,561211,233 sq feet,160,180,150,No,Yes,120 V 60 Hz,"",""
http://www.ahamdir.com./place_holder.gif,Idylis,www.lgsourcing.com,561196,155 sq feet,130,150,100,No,Yes,120 V 60 Hz,"",""
